{"MIA": [0.10843373493975904, 0.037037037037037035, 0.036585365853658534, 0.0625, 0.11363636363636363, 0.0684931506849315, 0.012658227848101266, 0.08536585365853659, 0.12643678160919541, 0.18823529411764706, 0.13924050632911392, 0.08235294117647059, 0.0641025641025641, 0.047619047619047616, 0.08536585365853659, 0.1111111111111111, 0.09411764705882353, 0.20238095238095238, 0.14285714285714285, 0.03614457831325301, 0.24050632911392406, 0.08641975308641975], "ATL": [0.05813953488372093, 0.08333333333333333, 0.11538461538461539, 0.07317073170731707, 0.05952380952380952, 0.0963855421686747, 0.075, 0.07692307692307693, 0.13253012048192772, 0.23376623376623376, 0.1125, 0.16666666666666666, 0.075, 0.036585365853658534, 0.07792207792207792, 0.011904761904761904, 0.024096385542168676, 0.056818181818181816, 0.15492957746478872, 0.11392405063291139, 0.05, 0.13924050632911392, 0.10126582278481013, 0.08108108108108109, 0.036585365853658534, 0.0821917808219178, 0.11235955056179775, 0.13414634146341464, 0.2631578947368421, 0.10588235294117647, 0.1375], "IND": [0.12195121951219512, 0.08139534883720931, 0.075, 0.13414634146341464, 0.046511627906976744, 0.11538461538461539, 0.09302325581395349, 0.07228915662650602, 0.1411764705882353, 0.13157894736842105, 0.08450704225352113, 0.1388888888888889, 0.10256410256410256, 0.1282051282051282, 0.03529411764705882, 0.10843373493975904, 0.08333333333333333, 0.10810810810810811, 0.12345679012345678, 0.14942528735632185, 0.16666666666666666, 0.07142857142857142, 0.08333333333333333, 0.07317073170731707, 0.11538461538461539, 0.07407407407407407, 0.08235294117647059, 0.1038961038961039, 0.13793103448275862, 0.03614457831325301, 0.125, 0.07228915662650602], "CHI": [0.04597701149425287, 0.06329113924050633, 0.09523809523809523, 0.13095238095238096, 0.1111111111111111, 0.12359550561797752, 0.08823529411764706, 0.10465116279069768, 0.12, 0.023255813953488372, 0.12987012987012986, 0.07142857142857142, 0.12658227848101267, 0.08045977011494253, 0.09523809523809523, 0.07142857142857142, 0.0641025641025641, 0.036585365853658534, 0.13924050632911392, 0.14814814814814814, 0.12790697674418605, 0.039473684210526314, 0.06493506493506493, 0.12195121951219512, 0.07142857142857142, 0.08235294117647059, 0.15294117647058825, 0.03614457831325301, 0.13333333333333333, 0.0963855421686747], "DET": [0.17647058823529413, 0.05952380952380952, 0.09210526315789473, 0.12941176470588237, 0.18292682926829268, 0.13953488372093023, 0.023809523809523808, 0.15384615384615385, 0.11627906976744186, 0.14285714285714285, 0.08433734939759036, 0.07792207792207792, 0.0975609756097561, 0.024390243902439025, 0.16049382716049382, 0.0625, 0.08333333333333333, 0.20987654320987653, 0.06097560975609756, 0.06578947368421052, 0.10126582278481013, 0.08974358974358974, 0.09523809523809523, 0.07317073170731707, 0.0963855421686747, 0.12643678160919541, 0.125, 0.04819277108433735, 0.06976744186046512, 0.047058823529411764], "BAL": [0.075, 0.05747126436781609, 0.07228915662650602, 0.09523809523809523, 0.17857142857142858, 0.024691358024691357, 0.06329113924050633, 0.02631578947368421, 0.12941176470588237, 0.1566265060240964, 0.03614457831325301, 0.06172839506172839, 0.11764705882352941, 0.025, 0.09876543209876543, 0.07228915662650602, 0.08333333333333333, 0.02564102564102564, 0.14814814814814814, 0.22077922077922077, 0.13793103448275862, 0.023809523809523808, 0.15, 0.08333333333333333, 0.0975609756097561, 0.13253012048192772, 0.125, 0.023809523809523808, 0.05333333333333334, 0.05952380952380952, 0.1927710843373494, 0.1411764705882353, 0.08433734939759036, 0.14814814814814814, 0.15476190476190477, 0.10344827586206896], "LV": [0.21794871794871795, 0.058823529411764705, 0.0379746835443038, 0.05952380952380952, 0.1951219512195122, 0.05, 0.0875, 0.13414634146341464, 0.1839080459770115, 0.07228915662650602, 0.10256410256410256, 0.08571428571428572, 0.07317073170731707, 0.09876543209876543, 0.09876543209876543, 0.14457831325301204, 0.10810810810810811, 0.06172839506172839, 0.08235294117647059, 0.07058823529411765, 0.06976744186046512, 0.0641025641025641, 0.05, 0.05, 0.06329113924050633, 0.15584415584415584, 0.0, 0.06896551724137931, 0.023255813953488372, 0.0963855421686747, 0.13636363636363635, 0.11627906976744186], "NYJ": [0.024390243902439025, 0.0375, 0.15, 0.13095238095238096, 0.05952380952380952, 0.060240963855421686, 0.0, 0.19540229885057472, 0.15294117647058825, 0.056818181818181816, 0.08333333333333333, 0.14634146341463414, 0.05, 0.07058823529411765, 0.09302325581395349, 0.03529411764705882, 0.06818181818181818, 0.15853658536585366, 0.08536585365853659, 0.075, 0.10810810810810811, 0.14285714285714285, 0.0975609756097561, 0.025974025974025976, 0.07692307692307693, 0.06756756756756757, 0.13953488372093023, 0.1111111111111111, 0.09876543209876543, 0.11494252873563218, 0.04878048780487805], "SEA": [0.11538461538461539, 0.034482758620689655, 0.08974358974358974, 0.12941176470588237, 0.08333333333333333, 0.08641975308641975, 0.037037037037037035, 0.11688311688311688, 0.08139534883720931, 0.1111111111111111, 0.06172839506172839, 0.10588235294117647, 0.0945945945945946, 0.1282051282051282, 0.08641975308641975, 0.012195121951219513, 0.11538461538461539, 0.08536585365853659, 0.07228915662650602, 0.12195121951219512, 0.12195121951219512, 0.075, 0.06329113924050633, 0.11267605633802817, 0.01282051282051282, 0.08045977011494253, 0.0963855421686747, 0.0379746835443038, 0.17045454545454544, 0.024390243902439025, 0.13253012048192772, 0.12658227848101267, 0.05952380952380952], "LA": [0.10975609756097561, 0.16666666666666666, 0.09195402298850575, 0.14285714285714285, 0.06329113924050633, 0.04878048780487805, 0.0875, 0.060240963855421686, 0.13793103448275862, 0.024691358024691357, 0.10344827586206896, 0.10714285714285714, 0.08139534883720931, 0.12345679012345678, 0.0958904109589041, 0.09411764705882353, 0.0379746835443038, 0.2222222222222222, 0.12048192771084337, 0.06741573033707865, 0.06172839506172839, 0.05128205128205128, 0.11764705882352941, 0.06097560975609756, 0.07407407407407407, 0.041666666666666664, 0.17073170731707318, 0.02631578947368421, 0.10465116279069768, 0.21428571428571427, 0.10126582278481013], "BUF": [0.04938271604938271, 0.09090909090909091, 0.0975609756097561, 0.10975609756097561, 0.036585365853658534, 0.060240963855421686, 0.1686746987951807, 0.08235294117647059, 0.08333333333333333, 0.11538461538461539, 0.12658227848101267, 0.04938271604938271, 0.10975609756097561, 0.13580246913580246, 0.09302325581395349, 0.0958904109589041, 0.2804878048780488, 0.037037037037037035, 0.0625, 0.07317073170731707, 0.2247191011235955, 0.02531645569620253, 0.14102564102564102, 0.08860759493670886, 0.02531645569620253, 0.13580246913580246, 0.14814814814814814, 0.11494252873563218, 0.16666666666666666, 0.024096385542168676, 0.075, 0.14285714285714285, 0.13580246913580246, 0.175], "NE": [0.08333333333333333, 0.11627906976744186, 0.14814814814814814, 0.15, 0.03529411764705882, 0.12048192771084337, 0.06666666666666667, 0.16923076923076924, 0.14285714285714285, 0.056818181818181816, 0.12345679012345678, 0.047058823529411764, 0.037037037037037035, 0.1, 0.08235294117647059, 0.08536585365853659, 0.047058823529411764, 0.08235294117647059, 0.11627906976744186, 0.08235294117647059, 0.058823529411764705, 0.06329113924050633, 0.05813953488372093, 0.16883116883116883, 0.04878048780487805, 0.125, 0.1282051282051282, 0.05555555555555555, 0.08235294117647059, 0.07692307692307693, 0.08045977011494253, 0.09302325581395349, 0.060240963855421686],